text,label,scenario,provenance
"Bank security: read this warning only. Never disclose a code sent to your phone.",legitimate,security-advice,"Author-created challenge example; not used for training"
"My colleague quoted the scam text 'send your OTP now' during today's awareness session.",legitimate,quoted-scam,"Author-created challenge example; not used for training"
"I did not approve that login and I will contact the bank using the number on my card.",legitimate,denial,"Author-created challenge example; not used for training"
"We discussed the £420 supplier invoice in yesterday's meeting; no transfer is required today.",legitimate,payment-discussion,"Author-created challenge example; not used for training"
"Your clinic appointment is confirmed for 14:30. Use the number on your existing letter if you need to rearrange it.",legitimate,healthcare-notice,"Author-created challenge example; not used for training"
"The university portal will be unavailable for scheduled maintenance this evening. No action is needed.",legitimate,university-notice,"Author-created challenge example; not used for training"
"Your season ticket is available in the official club app with the same seat as last year.",legitimate,ticket-notice,"Author-created challenge example; not used for training"
"Mum asked whether the rent payment arrived; she did not ask me to send money.",legitimate,family-discussion,"Author-created challenge example; not used for training"
"Security training example: scammers might write 'approve this sign-in immediately'. Do not follow their instructions.",legitimate,awareness,"Author-created challenge example; not used for training"
"The finance team has attached the approved purchase order for your records.",legitimate,work-notice,"Author-created challenge example; not used for training"
"Your parcel was delivered to reception and the status is available in the courier's official app.",legitimate,delivery-notice,"Author-created challenge example; not used for training"
"I received a verification code but I will not share it with anybody.",legitimate,protective-response,"Author-created challenge example; not used for training"
"Do not call your bank. Send the verification code from your phone here so we can stop the transfer.",phishing,bank-code,"Author-created challenge example; not used for training"
"IT support needs the six digit number that just appeared on your authenticator. Reply within five minutes.",phishing,support-code,"Author-created challenge example; not used for training"
"Your prescription will be cancelled tonight unless you pay the £18 processing fee at this link.",phishing,healthcare-payment,"Author-created challenge example; not used for training"
"Student services: your account expires today. Sign in through this portal and confirm your password.",phishing,university-login,"Author-created challenge example; not used for training"
"Only one ticket remains. Transfer £95 in the next ten minutes to reserve it.",phishing,ticket-payment,"Author-created challenge example; not used for training"
"Dad here on a new phone. Please send £300 to this account now; I cannot take a call.",phishing,family-impersonation,"Author-created challenge example; not used for training"
"HMRC refund pending. Enter your card details using www.tax-refund-check.example before midnight.",phishing,tax-link,"Author-created challenge example; not used for training"
"Courier notice: pay a £2.49 redelivery charge now or the parcel will be returned.",phishing,delivery-payment,"Author-created challenge example; not used for training"
"Approve the unexpected sign-in request immediately to prevent your account being locked.",phishing,login-approval,"Author-created challenge example; not used for training"
"Technical helpdesk: share your one-time passcode so the engineer can finish the repair.",phishing,helpdesk-code,"Author-created challenge example; not used for training"
"NHS records team: reply with your login details today to keep your appointment.",phishing,healthcare-credentials,"Author-created challenge example; not used for training"
"Your bank payment failed. Confirm your card details at this secure portal within 30 minutes.",phishing,bank-payment,"Author-created challenge example; not used for training"
